.\workplace\templatetags,index.py,
.,manage.py,,
.,organizer.py,"./cleaning.html, (.*).html, ).strip(""'"")+.html, \""(.*).html, ).strip(""'"")+.html, ","\'(.*).html, ).strip(""'"")+.html, (.*).html, ).strip(""'"")+.html, "
.\activities,admin.py,,
.\activities,models.py,,
.\activities,urls.py,"^send_html/$', home_email.send_html, name='send.html, ",
.\activities,views.py,"activities/notifications.html, hover_box'] = render_to_string('activities/notify_box.html, html'] = r.html, activities/last_notifications.html, ",
.\background_task,tasks.py,,
.\chat,admin.py,,
.\chat,models.py,,
.\chat,urls.py,,
.\chat,views.py,"msg'] = render_to_string('inbox/one_msg.html, modal'] = render_to_string('inbox/sent_modal.html, msg'] = render_to_string('inbox/one_msg.html, modal'] = render_to_string('inbox/sent_modal.html, msg'] = render_to_string('inbox/one_msg.html, modal'] = render_to_string('inbox/sent_modal.html, ",
.\contacts,admin.py,,
.\contacts,execution.py,,
.\contacts,models.py,,
.\contacts,urls.py,,
.\contacts,views.py,"search/random_text_print.html, search/random_text_print.html, emails/product_intro_mail.html, emails/join_corelogs_mail.html, search/random_text_print.html, emails/join_corelogs_mail.html, emails/join_corelogs_mail.html, ",
.\contacts,weekly_mails.py,,
.\contacts\management\commands,check_mails.py,,
.\contacts\management\commands,fill_emails.py,,
.\contacts\management\commands,notification_mail.py,,
.\contacts\management\commands,timed_mail.py,,
.\contacts\management\commands,weekly_connect.py,,
.\forum,admin.py,,
.\forum,forms.py,,
.\forum,models.py,,
.\forum,urls.py,"^help/$', TemplateView.as_view(template_name='forum/help.html, ^why_should_i_answer/$', TemplateView.as_view(template_name='forum/why_should_i_answer.html, ^how_to_ask/$', TemplateView.as_view(template_name='forum/how_to_ask.html, ",
.\forum,views.py,"forum/ask.html, forum/ask.html, forum/ask.html, forum/edit_q.html, forum/quest.html, comments'] = render_to_string('snippets/comment.html, html'] = r.html, comments'] = render_to_string('snippets/comment.html, html'] = r.html, answers'] = render_to_string('snippets/one_answer.html, html'] = r.html, forum/questions.html, forum/questions.html, nodes/five_nodes.html, home.html, forum/questions.html, forum/questions.html, forum/questions.html, nodes/five_nodes.html, home.html, forum/questions.html, forum/20_tags.html, home.html, forum/q_tags.html, forum/q_tags.html, ",
.\home,commands.py,,
.\home,data.py,"activities/activity.html, activities/enquiry.html, activities/activity.html, activities/activity.html, activities/input.html, activities/input.html, ",
.\home,email.py,,"text.html, "
.\home,google_contacts.py,"search/random_text_print.html, search/random_text_print.html, ",
.\home,nav_content.py,"snippets/messages/top_nav_msg.html, ",
.\home,network.py,"tags/tag.html, nodes/five_nodes.html, home.html, tags/20_tags.html, tags/all_tags.html, tags/tag.html, nodes/five_nodes.html, home.html, tags/20_tags.html, tags/all_tags.html, ",
.\home,notification_template.py,,
.\home,ses.py,,"text.html, "
.\home,sitemaps.py,,
.\home,tasks.py,,"text.html, text.html, text.html, text.html, text.html, "
.\home,templates.py,,
.\home,views.py,"home.html, cover_team.html, cover.html, nodes/five_nodes.html, feed.html, nodes/five_nodes.html, feed.html, snippets/right/home_right.html, snippets/right/home_right_down.html, sitemap/sitemap_user.html, sitemap/sitemap_user.html, sitemap/sitemap_user.html, sitemap/sitemap_user.html, sitemap/sitemap_user.html, sitemap/sitemap_user.html, sitemap/sitemap_user.html, sitemap/sitemap_user.html, sitemap/sitemap_user.html, sitemap/sitemap_user.html, about.html, search/search.html, 404.html, 500.html, ",
.\home,weekly_templates.py,,
.\inbox,unified.py,,
.\inbox,urls.py,,
.\inbox,views.py,"inbox/20_messages.html, inbox/inbox.html, empty': 'inbox/no_nothing.html, inbox/20_messages.html', {'result_list': result_list, 'empty': 'inbox/no_quotations.html, inbox/inbox.html', {'result_list': result_list, 'empty': 'inbox/no_quotations.html, inbox/20_messages.html', {'result_list': result_list, 'empty': 'inbox/no_inquiries.html, inbox/inbox.html', {'result_list': result_list, 'empty': 'inbox/no_inquiries.html, inbox/20_messages.html, empty': 'inbox/no_messages.html, inbox/inbox.html, empty': 'inbox/no_messages.html, inbox/20_messages.html, inbox/inbox.html, empty': 'inbox/no_nothing.html, inbox/20_messages.html', {'result_list': result_list, 'empty': 'inbox/no_quotations.html, inbox/inbox.html', {'result_list': result_list, 'empty': 'inbox/no_quotations.html, inbox/20_messages.html', {'result_list': result_list, 'empty': 'inbox/no_inquiries.html, inbox/inbox.html', {'result_list': result_list, 'empty': 'inbox/no_inquiries.html, inbox/20_messages.html, empty': 'inbox/no_inquiries.html, inbox/inbox.html, empty': 'inbox/no_inquiries.html, ",
.\industryo,context_processors.py,,
.\industryo,functions.py,,
.\industryo,settings.py,,
.\industryo,tasks.py,,
.\industryo,unique_slug.py,,
.\industryo,urls.py,"^about/$', TemplateView.as_view(template_name='about.html, ^contact/$', TemplateView.as_view(template_name='contacts.html, ^terms/$', TemplateView.as_view(template_name='terms.html, ^team/$', TemplateView.as_view(template_name='team.html, ^sitemap/$', TemplateView.as_view(template_name='sitemap/sitemap.html, ",
.\industryo,wsgi.py,,
.\leads,models.py,,
.\leads,urls.py,,
.\leads,views.py,"leads/edit.html, leads/edit.html, leads/five_leads.html, home.html, leads/leads.html, leads/lead.html, leads/quotation_edit.html, leads/one_reply_2.html, ",
.\network,apps.py,,
.\network,urls.py,,
.\network,views.py,"network.html, network/20_companies.html, network/companies.html, network/feed_list_content.html, network/feed_list.html, network/products.html, network.html, network/side_over.html, network/add_tags_list.html, network.html, network/companies.html, network/20_companies.html, network/feed_list.html, network/feed_list.html, network/side_over.html, ",
.\nodes,admin.py,,
.\nodes,forms.py,,
.\nodes,models.py,,
.\nodes,urls.py,"^what_to_write/$', TemplateView.as_view(template_name='nodes/what_to_write.html, ^help/$', TemplateView.as_view(template_name='nodes/help.html, ",
.\nodes,views.py,"feeds'] = render_to_string('nodes/one_node.html, html'] = r.html, nodes/edit.html, nodes/write.html, nodes/upload.html, nodes/upload.html, nodes/set_logo.html, nodes/upload.html, nodes/set_logo.html, nodes/set_logo.html, nodes/set_logo.html, nodes/set_logo.html, comments'] = render_to_string('snippets/comment.html, html'] = r.html, feeds/partial_feed_comments.html, nodes/node.html, nodes/five_nodes.html, home.html, nodes/articles.html, nodes/articles.html, ",
.\passwords,passwords.py,,
.\products,admin.py,,
.\products,models.py,,
.\products,urls.py,,
.\products,views.py,"snippets/tag_short.html, html'] = r.html, products/product.html, snippets/right/products.html, activities/p/add_product.html, activities/p/product.html, marketplace/20_products.html, marketplace/marketplace.html, marketplace/20_products.html, marketplace/marketplace.html, products/add_prod_alert.html, products/add_product.html, activities/category.html, activities/category.html, tags/list1.html, products/20_categories.html, products/all_categories.html, products/category.html, products/category.html, products/category.html, products/category.html, products/category.html, products/edit.html, products/edit.html, ","products/snip_cat.html, products/snip_category_head.html, products/snip_products.html, products/snip_products_head.html, products/snip_workplace.html, products/snip_companies_head.html, "
.\products,views_new.py,"last_p'] = render_to_string('products/small_product.html, new_form'] = render_to_string('products/add_multi_form.html, products/add_multi.html, products/upload_bulk.html, products/manage.html, ",
.\search,models.py,,
.\search,urls.py,,
.\search,views.py,"search/search.html, search/search.html, search/list.html, search/list.html, search/search.html, search/results.html, search/search.html, search/results.html, search/search.html, search/results.html, search/search.html, search/results.html, search/search.html, search/results.html, search/search.html, search/results.html, search/search.html, ",
.\tags,admin.py,,
.\tags,forms.py,,
.\tags,models.py,,
.\tags,urls.py,,
.\tags,views.py,"tags/create.html, tags/create.html, tags/create.html, tags/list.html, tags/list.html, tags/list.html, nodes/five_nodes.html, tags/tag.html, tags/tag.html, tags/tag.html, tags/tag.html, tags/20_tags.html, tags/all_tags.html, tags/list1.html, tags/list.html, ","tags/snip_activity.html, tags/snip_activity_head.html, tags/snip_products.html, tags/snip_products_head.html, tags/snip_companies.html, tags/snip_companies_head.html, tags/snip_leads.html, tags/snip_leads_head.html, "
.\tracking,models.py,,
.\tracking,urls.py,,
.\tracking,views.py,"trackind/data.html, refer.html, ",
.\userprofile,admin.py,,
.\userprofile,forms.py,,
.\userprofile,models.py,,
.\userprofile,urls.py,,
.\userprofile,views.py,"userprofile/profile.html, nodes/five_nodes.html, userprofile/profile.html, userprofile/details.html, userprofile/details.html, detail_body'] = render_to_string('snippets/interests.html, html'] = r.html, tags/list.html, tags/list.html, tags/list_ppl.html, tags/list_ppl.html, ",
.\workplace,admin.py,,
.\workplace,forms.py,,
.\workplace,models.py,,
.\workplace,urls.py,,
.\workplace,views.py,"userprofile/set.html, userprofile/set.html, tags/list_wp.html, snippets/workplace_list.html, workplace/20_workplaces.html, workplace/workplace_tag.html, activities/workplace_data.html, workplace/edit_team.html, workplace/edit.html, workplace/snippets/rc_com_email_msg.html, ",
.\workplace,views_new.py,"workplace/profile.html, workplace/profile.html, nodes/five_nodes.html, workplace/profile.html, workplace/profile.html, workplace/profile.html, ","workplace/snip_about_team.html, workplace/snip_about.html, workplace/snip_about_head.html, workplace/snip_dashboard.html, workplace/snip_dashboard_head.html, workplace/snip_activity.html, workplace/snip_activity_head.html, workplace/snip_products.html, workplace/snip_products_head.html, workplace/snip_members.html, workplace/snip_members_head.html, "
.\workplace\templatetags,custom.py,,
.\workplace\templatetags,filter.py,,
.\workplace\templatetags,index.py,,
